win,lose,probability
Toronto Raptors,New Orleans Pelicans,0.8766810981729896
Los Angeles Clippers,Los Angeles Lakers,0.6065750315555326
Charlotte Hornets,Chicago Bulls,0.8064576108288083
Indiana Pacers,Detroit Pistons,0.6485261221142365
Orlando Magic,Cleveland Cavaliers,0.9015098725689595
Brooklyn Nets,Minnesota Timberwolves,0.595146303955902
Miami Heat,Memphis Grizzlies,0.5887489626830398
Philadelphia 76ers,Boston Celtics,0.6469770157629047
Washington Wizards,Dallas Mavericks,0.5228707775857857
San Antonio Spurs,New York Knicks,0.9425335553703778
Utah Jazz,Oklahoma City Thunder,0.5016607151692526
Sacramento Kings,Phoenix Suns,0.8876318138323456
Portland Trail Blazers,Denver Nuggets,0.5204514005838947
Detroit Pistons,Atlanta Hawks,0.7062398872757794
Houston Rockets,Milwaukee Bucks,0.5346530147746065
Golden State Warriors,Los Angeles Clippers,0.7620728492124318
Toronto Raptors,Boston Celtics,0.6144852993092322
Charlotte Hornets,Minnesota Timberwolves,0.5893132003734677
Brooklyn Nets,New York Knicks,0.8743519114547629
Memphis Grizzlies,Chicago Bulls,0.7864825323020204
New Orleans Pelicans,Dallas Mavericks,0.5068933603831695
Oklahoma City Thunder,Washington Wizards,0.7959136626771498
Denver Nuggets,Phoenix Suns,0.9643750262854034
Portland Trail Blazers,Sacramento Kings,0.7310356392650588
Utah Jazz,Los Angeles Lakers,0.5708466244054693
Milwaukee Bucks,Miami Heat,0.7818122352191385
Philadelphia 76ers,Detroit Pistons,0.7486870351868123
Orlando Magic,Atlanta Hawks,0.7693270469994922
Boston Celtics,New York Knicks,0.9496755503296638
Toronto Raptors,Chicago Bulls,0.9550868413581514
Indiana Pacers,Cleveland Cavaliers,0.9239843602309875
Houston Rockets,New Orleans Pelicans,0.8225965096802635
San Antonio Spurs,Washington Wizards,0.7862441453717085
Utah Jazz,Sacramento Kings,0.7280940614960196
Los Angeles Clippers,Phoenix Suns,0.9364833453415679
Golden State Warriors,Oklahoma City Thunder,0.5551074957356055
Memphis Grizzlies,Brooklyn Nets,0.5244620607643216
Portland Trail Blazers,Dallas Mavericks,0.7820239207230383
Miami Heat,Minnesota Timberwolves,0.5572296056595126
Los Angeles Lakers,Charlotte Hornets,0.5835795748670032
Chicago Bulls,New York Knicks,0.7282317001621721
Indiana Pacers,Detroit Pistons,0.5682565294672659
Toronto Raptors,Orlando Magic,0.7925463588585893
Philadelphia 76ers,Atlanta Hawks,0.8780798038282532
Houston Rockets,Oklahoma City Thunder,0.6011976931191816
Milwaukee Bucks,Cleveland Cavaliers,0.9608004835671404
Golden State Warriors,New Orleans Pelicans,0.8187853236744418
San Antonio Spurs,Portland Trail Blazers,0.5290870850272096
Utah Jazz,Phoenix Suns,0.9449308851189097
Denver Nuggets,Sacramento Kings,0.7559888972234976
Los Angeles Clippers,Charlotte Hornets,0.6692167210986086
Miami Heat,Atlanta Hawks,0.7483450768846446
Denver Nuggets,Dallas Mavericks,0.8305124677942866
Los Angeles Lakers,Memphis Grizzlies,0.6183645655044813
Chicago Bulls,Cleveland Cavaliers,0.7216678432254456
Orlando Magic,New York Knicks,0.9053573487514072
Philadelphia 76ers,Minnesota Timberwolves,0.816334749769652
Milwaukee Bucks,Boston Celtics,0.5522400115194925
Indiana Pacers,Brooklyn Nets,0.5234071004225928
Toronto Raptors,Detroit Pistons,0.8565078078061489
Oklahoma City Thunder,Portland Trail Blazers,0.543637343196293
Houston Rockets,Washington Wizards,0.7630640634638738
Charlotte Hornets,Sacramento Kings,0.5192133193799722
Utah Jazz,Los Angeles Clippers,0.5892632771485564
Golden State Warriors,Phoenix Suns,0.9723675942746072
Miami Heat,Atlanta Hawks,0.7485221564962123
Denver Nuggets,New Orleans Pelicans,0.7760415471310407
San Antonio Spurs,Los Angeles Clippers,0.5201297846418487
Houston Rockets,Brooklyn Nets,0.6778897222722763
Indiana Pacers,Cleveland Cavaliers,0.9005132379378719
Milwaukee Bucks,Orlando Magic,0.6448955392195372
Boston Celtics,New York Knicks,0.9337128219123542
Detroit Pistons,Chicago Bulls,0.8292290934444568
Los Angeles Lakers,Dallas Mavericks,0.6516305690102333
Utah Jazz,Sacramento Kings,0.6681174321389722
Golden State Warriors,San Antonio Spurs,0.7005606067329796
Oklahoma City Thunder,New Orleans Pelicans,0.8015788630064228
Detroit Pistons,Brooklyn Nets,0.5160793195556594
Denver Nuggets,Orlando Magic,0.6349700894858874
Memphis Grizzlies,Phoenix Suns,0.8765557591416334
Milwaukee Bucks,Toronto Raptors,0.5329101163962894
Minnesota Timberwolves,Washington Wizards,0.5100436563148224
Golden State Warriors,Charlotte Hornets,0.8368774750390519
Portland Trail Blazers,Philadelphia 76ers,0.5107723137606118
Indiana Pacers,Chicago Bulls,0.8530039643326341
Houston Rockets,Miami Heat,0.6709580118220239
Sacramento Kings,New York Knicks,0.8910900601975797
San Antonio Spurs,Los Angeles Lakers,0.6830373432305121
Dallas Mavericks,Cleveland Cavaliers,0.8813796766593192
Los Angeles Clippers,Utah Jazz,0.5204518124874062
Detroit Pistons,Washington Wizards,0.5299500634313914
Brooklyn Nets,New Orleans Pelicans,0.6178197712498545
Houston Rockets,Memphis Grizzlies,0.7092095568417724
Milwaukee Bucks,Minnesota Timberwolves,0.7535940230319773
Philadelphia 76ers,Phoenix Suns,0.9648520441293268
Golden State Warriors,Portland Trail Blazers,0.6708835371354025
Indiana Pacers,Charlotte Hornets,0.5294288175219702
Boston Celtics,Cleveland Cavaliers,0.9480787654586065
San Antonio Spurs,Atlanta Hawks,0.8411621846407291
Los Angeles Lakers,Chicago Bulls,0.8781790422894219
Oklahoma City Thunder,Orlando Magic,0.6846371560560612
Denver Nuggets,Miami Heat,0.7620247577546277
Detroit Pistons,New York Knicks,0.8530785347293013
Indiana Pacers,Washington Wizards,0.6796382045149622
Atlanta Hawks,Chicago Bulls,0.59568461889677
Golden State Warriors,Houston Rockets,0.5208583021947032
Toronto Raptors,Sacramento Kings,0.8600998698294114
Memphis Grizzlies,Minnesota Timberwolves,0.5591773381088259
Orlando Magic,Dallas Mavericks,0.6631423969949126
Philadelphia 76ers,Utah Jazz,0.5647980544581759
Milwaukee Bucks,Los Angeles Clippers,0.5968494965754749
Boston Celtics,Charlotte Hornets,0.6282706896367046
San Antonio Spurs,Oklahoma City Thunder,0.5533204444394612
Miami Heat,Phoenix Suns,0.9189960153935183
Portland Trail Blazers,Los Angeles Clippers,0.5543710691504827
Indiana Pacers,Detroit Pistons,0.6485261221142365
Orlando Magic,Memphis Grizzlies,0.6559844440856132
Washington Wizards,Cleveland Cavaliers,0.8131226649075518
Sacramento Kings,Atlanta Hawks,0.6745284175974129
Golden State Warriors,Minnesota Timberwolves,0.7925211186427598
Toronto Raptors,New Orleans Pelicans,0.823799340453671
Dallas Mavericks,New York Knicks,0.8027213518035471
Denver Nuggets,Philadelphia 76ers,0.5695922004450352
Milwaukee Bucks,Utah Jazz,0.5658602073609336
Portland Trail Blazers,Brooklyn Nets,0.768357058846335
Los Angeles Lakers,Miami Heat,0.5320642183708231
San Antonio Spurs,Boston Celtics,0.5882466536795949
Charlotte Hornets,New Orleans Pelicans,0.6121004260647631
Houston Rockets,Chicago Bulls,0.9327538697165956
Memphis Grizzlies,Dallas Mavericks,0.562432704650474
Golden State Warriors,Oklahoma City Thunder,0.5551074957356055
Denver Nuggets,Minnesota Timberwolves,0.74550782740303
Orlando Magic,Indiana Pacers,0.5558970512813816
Philadelphia 76ers,Charlotte Hornets,0.7838979014024223
Oklahoma City Thunder,Milwaukee Bucks,0.5002468001523769
Cleveland Cavaliers,New York Knicks,0.632065409332927
Brooklyn Nets,Phoenix Suns,0.89626967326781
Portland Trail Blazers,Atlanta Hawks,0.8820418303626263
Toronto Raptors,Los Angeles Lakers,0.7341916262456598
Detroit Pistons,Minnesota Timberwolves,0.5508825111793088
Boston Celtics,Dallas Mavericks,0.7509476887441243
San Antonio Spurs,Memphis Grizzlies,0.7657737121181362
Houston Rockets,New Orleans Pelicans,0.7530626861595673
Golden State Warriors,Utah Jazz,0.7334865300831267
Toronto Raptors,Los Angeles Clippers,0.656747953377729
Oklahoma City Thunder,Indiana Pacers,0.5832738203492707
Philadelphia 76ers,Cleveland Cavaliers,0.9526787934672067
Miami Heat,Detroit Pistons,0.5834827855882662
Chicago Bulls,New York Knicks,0.5135733294242221
Denver Nuggets,Atlanta Hawks,0.9045643309374654
Los Angeles Lakers,Phoenix Suns,0.9235393808547886
Utah Jazz,Brooklyn Nets,0.7099833958811054
Portland Trail Blazers,Sacramento Kings,0.7310356392650588
Charlotte Hornets,Memphis Grizzlies,0.5751933201967072
Philadelphia 76ers,Orlando Magic,0.6439050671702162
Boston Celtics,Washington Wizards,0.759553834830107
Houston Rockets,Los Angeles Clippers,0.6823810331614064
San Antonio Spurs,Minnesota Timberwolves,0.6912737513832735
Golden State Warriors,Los Angeles Lakers,0.7274712636685436
Toronto Raptors,Portland Trail Blazers,0.5542127338687615
Miami Heat,Cleveland Cavaliers,0.9191617474012501
Milwaukee Bucks,Chicago Bulls,0.9401681528825282
Los Angeles Clippers,New Orleans Pelicans,0.6592428960485132
Dallas Mavericks,New York Knicks,0.8847784309767677
Atlanta Hawks,Phoenix Suns,0.793080485821277
Denver Nuggets,Brooklyn Nets,0.807857596484928
Charlotte Hornets,Detroit Pistons,0.5698803736896905
San Antonio Spurs,Orlando Magic,0.5707431922864514
Houston Rockets,Indiana Pacers,0.7231293525163185
Utah Jazz,Memphis Grizzlies,0.6429404447121627
Minnesota Timberwolves,Washington Wizards,0.5602279143640627
Oklahoma City Thunder,Philadelphia 76ers,0.501327397957556
Golden State Warriors,Boston Celtics,0.7216027768478842
Los Angeles Lakers,Sacramento Kings,0.6202101712854331
Brooklyn Nets,Chicago Bulls,0.837576746563699
Milwaukee Bucks,Indiana Pacers,0.6474503739092632
Charlotte Hornets,New York Knicks,0.905070571154909
Miami Heat,New Orleans Pelicans,0.6252456687615753
Houston Rockets,Minnesota Timberwolves,0.7205243436326945
Toronto Raptors,Dallas Mavericks,0.8465750916853557
San Antonio Spurs,Portland Trail Blazers,0.5290870850272096
Los Angeles Clippers,Atlanta Hawks,0.8293150786731958
Philadelphia 76ers,Cleveland Cavaliers,0.9649275364610642
Boston Celtics,Sacramento Kings,0.6812758606705117
Denver Nuggets,Memphis Grizzlies,0.7348322724243062
Orlando Magic,Washington Wizards,0.6820663097644177
Golden State Warriors,New Orleans Pelicans,0.8187853236744418
Los Angeles Lakers,Atlanta Hawks,0.7709391487900135
Cleveland Cavaliers,New York Knicks,0.632065409332927
Indiana Pacers,Brooklyn Nets,0.5234071004225928
Toronto Raptors,Charlotte Hornets,0.8406623743358713
Milwaukee Bucks,Chicago Bulls,0.9427077619637735
Houston Rockets,Portland Trail Blazers,0.5775788129242662
San Antonio Spurs,Dallas Mavericks,0.7576273150314567
Boston Celtics,Phoenix Suns,0.9479689622643089
Utah Jazz,Minnesota Timberwolves,0.7379229710540415
Oklahoma City Thunder,Los Angeles Clippers,0.5301463078276542
Golden State Warriors,Memphis Grizzlies,0.7832443024251574
Portland Trail Blazers,New Orleans Pelicans,0.7524674907043654
Sacramento Kings,Phoenix Suns,0.8639717521297822
Oklahoma City Thunder,Los Angeles Lakers,0.6196094280015765
Philadelphia 76ers,New York Knicks,0.9546279789923593
San Antonio Spurs,Washington Wizards,0.7366383998186014
Milwaukee Bucks,Atlanta Hawks,0.8785417859117259
Brooklyn Nets,Charlotte Hornets,0.5453995195558667
Golden State Warriors,Dallas Mavericks,0.8420849506535868
Miami Heat,Cleveland Cavaliers,0.8729680736064271
Toronto Raptors,Orlando Magic,0.7925463588585893
Detroit Pistons,Chicago Bulls,0.8292290934444568
Utah Jazz,Minnesota Timberwolves,0.6555815476523279
Denver Nuggets,Houston Rockets,0.6098482586830435
Los Angeles Clippers,Boston Celtics,0.5054733651820726
Milwaukee Bucks,Portland Trail Blazers,0.6369888770028935
New Orleans Pelicans,Phoenix Suns,0.8723085364706369
Detroit Pistons,Atlanta Hawks,0.7062398872757794
Charlotte Hornets,Washington Wizards,0.5605419734573087
Brooklyn Nets,Sacramento Kings,0.5829887233923945
Miami Heat,Chicago Bulls,0.8713158862159387
Oklahoma City Thunder,Los Angeles Lakers,0.6955678435266013
Philadelphia 76ers,San Antonio Spurs,0.6232393630200863
Dallas Mavericks,Cleveland Cavaliers,0.7956432465033331
Denver Nuggets,Boston Celtics,0.6659923974816775
Golden State Warriors,Utah Jazz,0.6194694143071501
Houston Rockets,Los Angeles Clippers,0.5551609990628255
Minnesota Timberwolves,Phoenix Suns,0.8704219749647464
Charlotte Hornets,Chicago Bulls,0.8064576108288083
Indiana Pacers,Orlando Magic,0.5414861980597925
Toronto Raptors,Atlanta Hawks,0.9033639325611736
San Antonio Spurs,New York Knicks,0.9543525925390047
Philadelphia 76ers,Miami Heat,0.7463947146236619
Portland Trail Blazers,Cleveland Cavaliers,0.9587093440519131
Los Angeles Lakers,Memphis Grizzlies,0.5589900827440943
Milwaukee Bucks,Detroit Pistons,0.8332348472515285
Utah Jazz,New Orleans Pelicans,0.7558802268657419
Houston Rockets,Dallas Mavericks,0.8103418684136894
Brooklyn Nets,New York Knicks,0.8994921819646426
Sacramento Kings,Washington Wizards,0.5225863573037672
Denver Nuggets,Phoenix Suns,0.9643750262854034
Los Angeles Clippers,New Orleans Pelicans,0.7316184361147486
Brooklyn Nets,Cleveland Cavaliers,0.8964766649063047
Orlando Magic,Detroit Pistons,0.5797546977678552
Indiana Pacers,Memphis Grizzlies,0.6534583520621134
Minnesota Timberwolves,Atlanta Hawks,0.6634064491714164
Boston Celtics,Sacramento Kings,0.7388942136392527
Miami Heat,Charlotte Hornets,0.5532149671407269
Toronto Raptors,Philadelphia 76ers,0.6388756716578121
Portland Trail Blazers,Chicago Bulls,0.9325529946823161
Milwaukee Bucks,Utah Jazz,0.7031867370258861
San Antonio Spurs,Los Angeles Lakers,0.6830373432305121
Golden State Warriors,Oklahoma City Thunder,0.6920668539480795
Los Angeles Clippers,Dallas Mavericks,0.6954250962592875
Denver Nuggets,Washington Wizards,0.8369661148198864
Boston Celtics,Brooklyn Nets,0.7212274788912841
Charlotte Hornets,Detroit Pistons,0.5698803736896905
Orlando Magic,Cleveland Cavaliers,0.9272221254076504
Utah Jazz,Indiana Pacers,0.5333610613742952
Philadelphia 76ers,Sacramento Kings,0.8086841615834199
Toronto Raptors,New York Knicks,0.9683563608098001
Houston Rockets,Miami Heat,0.7362915249989147
Los Angeles Clippers,Memphis Grizzlies,0.6074143245490999
Milwaukee Bucks,Atlanta Hawks,0.9138398237979721
San Antonio Spurs,Minnesota Timberwolves,0.7760256320744783
Washington Wizards,Phoenix Suns,0.8761830017338018
Los Angeles Lakers,New Orleans Pelicans,0.6131399369898523
Portland Trail Blazers,Oklahoma City Thunder,0.576982133170065
Golden State Warriors,Chicago Bulls,0.9480628185254787
Boston Celtics,Brooklyn Nets,0.6226122088003976
Detroit Pistons,Charlotte Hornets,0.5002637877823328
Toronto Raptors,Orlando Magic,0.7012288960457009
Milwaukee Bucks,Cleveland Cavaliers,0.9650735233088308
Philadelphia 76ers,New York Knicks,0.9660247234673291
Indiana Pacers,Atlanta Hawks,0.7966173291674806
Utah Jazz,Memphis Grizzlies,0.6429404447121627
Golden State Warriors,Miami Heat,0.7513166459441282
Oklahoma City Thunder,New Orleans Pelicans,0.8015788630064228
San Antonio Spurs,Los Angeles Clippers,0.6383878063142879
Dallas Mavericks,Phoenix Suns,0.8811465010767219
Portland Trail Blazers,Chicago Bulls,0.9172064823549431
Los Angeles Lakers,Washington Wizards,0.6457583935929788
Denver Nuggets,Sacramento Kings,0.7559888972234976
Philadelphia 76ers,Indiana Pacers,0.7335543284716975
Houston Rockets,Atlanta Hawks,0.8920612181004718
Milwaukee Bucks,Charlotte Hornets,0.8153734224066986
Miami Heat,Brooklyn Nets,0.5067377629972872
Minnesota Timberwolves,Memphis Grizzlies,0.5310234068963376
Boston Celtics,New York Knicks,0.9496755503296638
Los Angeles Lakers,Dallas Mavericks,0.63503630728854
San Antonio Spurs,Detroit Pistons,0.686574290177314
Oklahoma City Thunder,New Orleans Pelicans,0.7338412691871021
Golden State Warriors,Orlando Magic,0.6940224635460019
Toronto Raptors,Utah Jazz,0.7389219930389744
Los Angeles Clippers,Washington Wizards,0.724641937350805
Charlotte Hornets,Phoenix Suns,0.8892904379636812
Philadelphia 76ers,Utah Jazz,0.6605477639466424
Golden State Warriors,Atlanta Hawks,0.9003401256327108
Indiana Pacers,Memphis Grizzlies,0.5599981131371572
Milwaukee Bucks,New York Knicks,0.9624283258150258
Sacramento Kings,Chicago Bulls,0.7671554906390509
Detroit Pistons,Cleveland Cavaliers,0.8907613354496049
Orlando Magic,Washington Wizards,0.6378820842265083
New Orleans Pelicans,Dallas Mavericks,0.5068933603831695
Toronto Raptors,Miami Heat,0.8106305349158661
San Antonio Spurs,Houston Rockets,0.5282901951741618
Denver Nuggets,Los Angeles Lakers,0.7504770593636495
Portland Trail Blazers,Los Angeles Clippers,0.5543710691504827
Golden State Warriors,Charlotte Hornets,0.7615817141258625
Milwaukee Bucks,Detroit Pistons,0.7494994414538985
Orlando Magic,Phoenix Suns,0.9187804991336738
Brooklyn Nets,Atlanta Hawks,0.6938985741489254
Boston Celtics,Miami Heat,0.6633417199832423
Memphis Grizzlies,Chicago Bulls,0.8261329275525144
Oklahoma City Thunder,Indiana Pacers,0.6947010743090526
Minnesota Timberwolves,Dallas Mavericks,0.537759452218976
Utah Jazz,Los Angeles Lakers,0.6365248700191438
Portland Trail Blazers,Sacramento Kings,0.7839318210396138
Philadelphia 76ers,Washington Wizards,0.791837815816268
Denver Nuggets,New York Knicks,0.9647295051681911
Toronto Raptors,Houston Rockets,0.6763338997670283
New Orleans Pelicans,Phoenix Suns,0.8502731433896594
Charlotte Hornets,Brooklyn Nets,0.5550828605199484
Orlando Magic,Cleveland Cavaliers,0.9272221254076504
Indiana Pacers,Detroit Pistons,0.5682565294672659
Denver Nuggets,Boston Celtics,0.5415657636719435
Golden State Warriors,Chicago Bulls,0.9535983466594571
Miami Heat,Washington Wizards,0.6169517601350872
Oklahoma City Thunder,Minnesota Timberwolves,0.7860316008316648
Milwaukee Bucks,Los Angeles Clippers,0.7338437242468134
San Antonio Spurs,Sacramento Kings,0.7671748515625972
Portland Trail Blazers,Los Angeles Lakers,0.7035095855890742
New Orleans Pelicans,Dallas Mavericks,0.5140720198350646
Indiana Pacers,New York Knicks,0.9262645139320109
Philadelphia 76ers,Cleveland Cavaliers,0.9526787934672067
Houston Rockets,Phoenix Suns,0.9593556821381687
Utah Jazz,Memphis Grizzlies,0.7265415666176582
Denver Nuggets,Brooklyn Nets,0.70512471897556
Charlotte Hornets,Atlanta Hawks,0.7377063848021054
Miami Heat,Chicago Bulls,0.8150070191823897
Toronto Raptors,Philadelphia 76ers,0.5162323029278699
Los Angeles Clippers,Washington Wizards,0.6713859879715988
Sacramento Kings,Dallas Mavericks,0.5502183236675326
Portland Trail Blazers,Oklahoma City Thunder,0.576982133170065
Los Angeles Lakers,Minnesota Timberwolves,0.6319676387503522
Indiana Pacers,Los Angeles Clippers,0.5045124695588271
Boston Celtics,Cleveland Cavaliers,0.9309301296991657
Toronto Raptors,Chicago Bulls,0.9550868413581514
Houston Rockets,Sacramento Kings,0.8003988700510369
Milwaukee Bucks,Orlando Magic,0.7617847344249056
Detroit Pistons,New Orleans Pelicans,0.5163455753471492
Minnesota Timberwolves,Phoenix Suns,0.8825237225202253
Utah Jazz,Oklahoma City Thunder,0.5016607151692526
Golden State Warriors,Memphis Grizzlies,0.8557342812666161
Charlotte Hornets,Washington Wizards,0.603699989648949
Miami Heat,Atlanta Hawks,0.7483450768846446
Philadelphia 76ers,Denver Nuggets,0.5583839540889186
Portland Trail Blazers,New York Knicks,0.9475327015109927
Houston Rockets,Cleveland Cavaliers,0.9588357571970297
Boston Celtics,Indiana Pacers,0.5482497342754604
Orlando Magic,Los Angeles Lakers,0.5569065474798348
Toronto Raptors,Los Angeles Clippers,0.7671104142510557
Brooklyn Nets,Charlotte Hornets,0.5453995195558667
Atlanta Hawks,Chicago Bulls,0.6958165945333921
Utah Jazz,Minnesota Timberwolves,0.6555815476523279
Memphis Grizzlies,Phoenix Suns,0.8884102236128518
Milwaukee Bucks,New Orleans Pelicans,0.8561304496944029
Oklahoma City Thunder,Sacramento Kings,0.7114152202761188
Golden State Warriors,New York Knicks,0.9674873886846962
Philadelphia 76ers,Boston Celtics,0.5511709668081612
San Antonio Spurs,Cleveland Cavaliers,0.9400973957887911
Detroit Pistons,Dallas Mavericks,0.5541502922302315
Denver Nuggets,Portland Trail Blazers,0.6106089227985427
Los Angeles Lakers,Miami Heat,0.5145052770139051
Houston Rockets,Orlando Magic,0.6048863284359294
Philadelphia 76ers,New Orleans Pelicans,0.830155915990458
Indiana Pacers,Atlanta Hawks,0.760876357897795
Charlotte Hornets,Chicago Bulls,0.8460032373911412
Milwaukee Bucks,Memphis Grizzlies,0.7431408014755748
Golden State Warriors,Utah Jazz,0.6194694143071501
Los Angeles Clippers,Minnesota Timberwolves,0.6205709180167929
Sacramento Kings,New York Knicks,0.8430378454501564
San Antonio Spurs,Phoenix Suns,0.9527967274883798
Toronto Raptors,Brooklyn Nets,0.8489576512850923
Los Angeles Clippers,Chicago Bulls,0.8979535334644639
Memphis Grizzlies,Washington Wizards,0.573856428125352
Miami Heat,Dallas Mavericks,0.6372758811040058
Milwaukee Bucks,Cleveland Cavaliers,0.9608004835671404
Denver Nuggets,Oklahoma City Thunder,0.6335527071259073
Houston Rockets,Detroit Pistons,0.7956381463772731
Orlando Magic,New Orleans Pelicans,0.6251920954830424
Indiana Pacers,Charlotte Hornets,0.6199058957984687
Los Angeles Lakers,Atlanta Hawks,0.7601314095176427
Philadelphia 76ers,Brooklyn Nets,0.713118332487227
Denver Nuggets,New York Knicks,0.9581440019670532
Golden State Warriors,Sacramento Kings,0.8566979821421505
Detroit Pistons,Washington Wizards,0.5656232478644201
Toronto Raptors,Cleveland Cavaliers,0.9669765456273164
Houston Rockets,San Antonio Spurs,0.6107882943037798
Miami Heat,Memphis Grizzlies,0.543492354946432
Milwaukee Bucks,Dallas Mavericks,0.8457579096956139
Oklahoma City Thunder,Chicago Bulls,0.9142914283337742
Portland Trail Blazers,Phoenix Suns,0.9586210412294274
Charlotte Hornets,Sacramento Kings,0.5771049222196462
Indiana Pacers,Los Angeles Lakers,0.5541474070110664
Atlanta Hawks,New York Knicks,0.7987890185462536
Brooklyn Nets,New Orleans Pelicans,0.5313436872230906
Utah Jazz,Orlando Magic,0.6246183209239646
Los Angeles Clippers,Phoenix Suns,0.9327809174506924
Charlotte Hornets,Cleveland Cavaliers,0.9022042247181581
Toronto Raptors,Detroit Pistons,0.7945257534596759
Philadelphia 76ers,Miami Heat,0.7463947146236619
Washington Wizards,Chicago Bulls,0.7361101215857151
Minnesota Timberwolves,New Orleans Pelicans,0.5688917940369362
Oklahoma City Thunder,Memphis Grizzlies,0.7761055417596939
Denver Nuggets,Orlando Magic,0.7407831696452095
Boston Celtics,Dallas Mavericks,0.7383205918210924
Golden State Warriors,Portland Trail Blazers,0.545757309226457
Utah Jazz,Atlanta Hawks,0.8182424801315177
Milwaukee Bucks,Los Angeles Lakers,0.7709360898572996
San Antonio Spurs,Brooklyn Nets,0.7507762083391812
Houston Rockets,Los Angeles Clippers,0.5551609990628255
Memphis Grizzlies,Cleveland Cavaliers,0.8886309498244431
Indiana Pacers,Sacramento Kings,0.6552288679380344
Boston Celtics,Detroit Pistons,0.7331555993664957
Toronto Raptors,Washington Wizards,0.8728199568798581
Miami Heat,New York Knicks,0.8777793627750238
Oklahoma City Thunder,Phoenix Suns,0.9536270088856591
Philadelphia 76ers,Dallas Mavericks,0.8183081231870392
Denver Nuggets,Minnesota Timberwolves,0.8286438900691993
Portland Trail Blazers,Orlando Magic,0.6927380849930513
Golden State Warriors,New Orleans Pelicans,0.8736231656425139
Utah Jazz,Charlotte Hornets,0.6141632913825319
Brooklyn Nets,Atlanta Hawks,0.7423532872865418
Detroit Pistons,Chicago Bulls,0.7807880922852269
Philadelphia 76ers,Washington Wizards,0.8251286315353666
Milwaukee Bucks,New York Knicks,0.9661663034793082
Memphis Grizzlies,Sacramento Kings,0.5467622074572184
San Antonio Spurs,Los Angeles Clippers,0.6383878063142879
Houston Rockets,Phoenix Suns,0.958747713084907
Portland Trail Blazers,Minnesota Timberwolves,0.792318035604279
Toronto Raptors,Dallas Mavericks,0.867560993349709
Boston Celtics,Charlotte Hornets,0.7083273361717703
Milwaukee Bucks,Indiana Pacers,0.770213016252161
Oklahoma City Thunder,Los Angeles Clippers,0.6517835641502009
Denver Nuggets,Los Angeles Lakers,0.6718218045150147
Atlanta Hawks,Cleveland Cavaliers,0.7934459348874896
Philadelphia 76ers,Detroit Pistons,0.7486870351868123
Toronto Raptors,Indiana Pacers,0.7035647347223788
Washington Wizards,New York Knicks,0.8799459411199833
Orlando Magic,Chicago Bulls,0.8543995832280399
Utah Jazz,Miami Heat,0.6008774603863998
San Antonio Spurs,Memphis Grizzlies,0.6793018220139888
Denver Nuggets,Phoenix Suns,0.9635138090004512
Portland Trail Blazers,New Orleans Pelicans,0.8075203705783219
Houston Rockets,Sacramento Kings,0.7316639907587286
Golden State Warriors,Minnesota Timberwolves,0.8627543897973955
Toronto Raptors,Boston Celtics,0.7271904610876163
Philadelphia 76ers,Milwaukee Bucks,0.547736222243799
Golden State Warriors,Houston Rockets,0.6701770174248053
Los Angeles Clippers,Los Angeles Lakers,0.5333536499895772
Denver Nuggets,New Orleans Pelicans,0.8417183701576327
Detroit Pistons,Washington Wizards,0.5656232478644201
Brooklyn Nets,New York Knicks,0.8743519114547629
San Antonio Spurs,Dallas Mavericks,0.7576273150314567
Oklahoma City Thunder,Memphis Grizzlies,0.7761055417596939
Sacramento Kings,Minnesota Timberwolves,0.5315307899498739
Portland Trail Blazers,Utah Jazz,0.5227276018102589
Boston Celtics,Cleveland Cavaliers,0.9309301296991657
Oklahoma City Thunder,Charlotte Hornets,0.6609277195106619
Philadelphia 76ers,Orlando Magic,0.6439050671702162
Milwaukee Bucks,Atlanta Hawks,0.8785417859117259
Indiana Pacers,Miami Heat,0.5155268620444419
Golden State Warriors,Phoenix Suns,0.9723675942746072
Denver Nuggets,Memphis Grizzlies,0.8202425546348664
Toronto Raptors,Boston Celtics,0.6144852993092322
Indiana Pacers,New Orleans Pelicans,0.614109639500024
Atlanta Hawks,Chicago Bulls,0.6958165945333921
Houston Rockets,Brooklyn Nets,0.7856865939847443
Philadelphia 76ers,Miami Heat,0.7066166293187873
Minnesota Timberwolves,Cleveland Cavaliers,0.8446074836261596
Washington Wizards,New York Knicks,0.8197325210418063
Golden State Warriors,Dallas Mavericks,0.8643119124712457
Milwaukee Bucks,Orlando Magic,0.7617847344249056
San Antonio Spurs,Detroit Pistons,0.7618574678679878
Sacramento Kings,Phoenix Suns,0.8639717521297822
Portland Trail Blazers,Los Angeles Lakers,0.7035095855890742
Los Angeles Clippers,Utah Jazz,0.5204518124874062
Toronto Raptors,Oklahoma City Thunder,0.6979992505709071
Denver Nuggets,Sacramento Kings,0.8213938578149579
Memphis Grizzlies,Charlotte Hornets,0.5086596619030046
Houston Rockets,New Orleans Pelicans,0.7530626861595673
Los Angeles Lakers,Dallas Mavericks,0.63503630728854
Orlando Magic,Atlanta Hawks,0.7984217860767726
Miami Heat,Washington Wizards,0.6112130829186005
Milwaukee Bucks,Chicago Bulls,0.9427077619637735
Minnesota Timberwolves,Brooklyn Nets,0.5106010566828402
Utah Jazz,Detroit Pistons,0.7222073200577367
Portland Trail Blazers,Phoenix Suns,0.9552696637718415
Boston Celtics,Charlotte Hornets,0.6282706896367046
Philadelphia 76ers,Indiana Pacers,0.6464631213527552
Los Angeles Clippers,Sacramento Kings,0.6336690350899914
Houston Rockets,Denver Nuggets,0.5453530955622368
Golden State Warriors,San Antonio Spurs,0.5695079331239794
Toronto Raptors,Cleveland Cavaliers,0.9669765456273164
Oklahoma City Thunder,Dallas Mavericks,0.7882461069700945
Orlando Magic,Washington Wizards,0.6378820842265083
Portland Trail Blazers,New York Knicks,0.9599929921651166
Milwaukee Bucks,Minnesota Timberwolves,0.8440258449337614
Los Angeles Lakers,Phoenix Suns,0.9057706200804465
Charlotte Hornets,Cleveland Cavaliers,0.9022042247181581
Denver Nuggets,Indiana Pacers,0.6375562002150081
Toronto Raptors,Miami Heat,0.7576448924999487
Utah Jazz,Chicago Bulls,0.9110386427712766
Golden State Warriors,Minnesota Timberwolves,0.7925211186427598
Brooklyn Nets,Dallas Mavericks,0.5722956387213429
San Antonio Spurs,Oklahoma City Thunder,0.5533204444394612
Sacramento Kings,Memphis Grizzlies,0.5170523424461757
Los Angeles Clippers,Detroit Pistons,0.6959451234713393
Boston Celtics,Atlanta Hawks,0.8536362853909899
Orlando Magic,Miami Heat,0.5723072470413789
Portland Trail Blazers,Washington Wizards,0.7624853713059928
Houston Rockets,Philadelphia 76ers,0.5357282624707763
New York Knicks,Phoenix Suns,0.6134488934272961
Los Angeles Lakers,New Orleans Pelicans,0.6537785964011157
Los Angeles Clippers,Memphis Grizzlies,0.7005192099576765
Toronto Raptors,Brooklyn Nets,0.7633944072655986
Utah Jazz,Orlando Magic,0.5305788884852781
Indiana Pacers,Atlanta Hawks,0.760876357897795
Oklahoma City Thunder,Cleveland Cavaliers,0.9546673632578896
Boston Celtics,Chicago Bulls,0.9157798514144785
Denver Nuggets,Washington Wizards,0.7853774859497038
Charlotte Hornets,Dallas Mavericks,0.5877102823888363
Golden State Warriors,Detroit Pistons,0.8530334986121905
Milwaukee Bucks,San Antonio Spurs,0.6682107600540951
Sacramento Kings,New Orleans Pelicans,0.5551037001953005
Los Angeles Clippers,New York Knicks,0.921473857169106
Portland Trail Blazers,Miami Heat,0.6702515734062038
Minnesota Timberwolves,Cleveland Cavaliers,0.8827545556876901
Memphis Grizzlies,Phoenix Suns,0.8884102236128518
Los Angeles Lakers,Detroit Pistons,0.6132284897484828
Indiana Pacers,Charlotte Hornets,0.5294288175219702
Orlando Magic,Brooklyn Nets,0.6372868435593181
Philadelphia 76ers,Oklahoma City Thunder,0.6137615565200093
Boston Celtics,Washington Wizards,0.7162858539602996
Denver Nuggets,Atlanta Hawks,0.8738696620097121
Utah Jazz,New Orleans Pelicans,0.6924536080165413
Dallas Mavericks,Chicago Bulls,0.7139613620833382
Milwaukee Bucks,San Antonio Spurs,0.5143779161631786
Golden State Warriors,Sacramento Kings,0.8015813074118373
Detroit Pistons,Cleveland Cavaliers,0.8907613354496049
Toronto Raptors,Portland Trail Blazers,0.6770335865366078
Oklahoma City Thunder,Brooklyn Nets,0.6554937617153809
Memphis Grizzlies,Minnesota Timberwolves,0.5591773381088259
Sacramento Kings,Phoenix Suns,0.8876318138323456
Los Angeles Lakers,New York Knicks,0.8904536882763691
Boston Celtics,San Antonio Spurs,0.5254946065457737
Toronto Raptors,Charlotte Hornets,0.7677295004653771
Indiana Pacers,Miami Heat,0.5695698859877776
Orlando Magic,Washington Wizards,0.6820663097644177
Houston Rockets,Atlanta Hawks,0.8591059289052704
Denver Nuggets,Dallas Mavericks,0.8035181373972862
New Orleans Pelicans,Chicago Bulls,0.7465670379672407
Utah Jazz,New York Knicks,0.9302098524246688
Golden State Warriors,Milwaukee Bucks,0.6313881222046924
Detroit Pistons,Cleveland Cavaliers,0.847463854974721
Philadelphia 76ers,Boston Celtics,0.6469770157629047
Portland Trail Blazers,Minnesota Timberwolves,0.7198798937131494
Oklahoma City Thunder,Houston Rockets,0.5428438008128553
Washington Wizards,Atlanta Hawks,0.6531182837649765
New Orleans Pelicans,New York Knicks,0.8761725842129606
Miami Heat,Brooklyn Nets,0.5067377629972872
Indiana Pacers,Chicago Bulls,0.8786159198964671
San Antonio Spurs,Memphis Grizzlies,0.6793018220139888
Orlando Magic,Phoenix Suns,0.927071607388322
Utah Jazz,Charlotte Hornets,0.6967816873280991
Los Angeles Lakers,Dallas Mavericks,0.6516305690102333
Milwaukee Bucks,Sacramento Kings,0.7638475599927868
Golden State Warriors,Los Angeles Clippers,0.6490056564862822
Houston Rockets,Minnesota Timberwolves,0.8083022415206559
Boston Celtics,New Orleans Pelicans,0.7659315170952955
Detroit Pistons,Chicago Bulls,0.7807880922852269
Oklahoma City Thunder,Los Angeles Lakers,0.6955678435266013
Philadelphia 76ers,Dallas Mavericks,0.8095648213858517
Denver Nuggets,Cleveland Cavaliers,0.9563389566725367
Portland Trail Blazers,Milwaukee Bucks,0.5096921658281202
Miami Heat,New York Knicks,0.9215742811938676
Utah Jazz,Washington Wizards,0.7039446991852583
Brooklyn Nets,Atlanta Hawks,0.7423532872865418
Golden State Warriors,Memphis Grizzlies,0.7832443024251574
Toronto Raptors,San Antonio Spurs,0.7063987891941258
Denver Nuggets,Los Angeles Clippers,0.7113123330384363
Charlotte Hornets,Phoenix Suns,0.9020074333448548
Detroit Pistons,New Orleans Pelicans,0.5742616107047827
Philadelphia 76ers,Indiana Pacers,0.6464631213527552
Boston Celtics,Chicago Bulls,0.8962731224012759
Oklahoma City Thunder,Minnesota Timberwolves,0.6997798904433761
Portland Trail Blazers,Charlotte Hornets,0.7569027288401242
Orlando Magic,Sacramento Kings,0.5986186492939456
Los Angeles Lakers,Cleveland Cavaliers,0.8860765771605666
Atlanta Hawks,Phoenix Suns,0.7395970037438316
Utah Jazz,Brooklyn Nets,0.6084239081254776
Houston Rockets,Memphis Grizzlies,0.7092095568417724
Milwaukee Bucks,New York Knicks,0.9624283258150258
Golden State Warriors,Dallas Mavericks,0.8643119124712457
Los Angeles Clippers,Cleveland Cavaliers,0.9182223801074852
Boston Celtics,Detroit Pistons,0.7331555993664957
Philadelphia 76ers,Brooklyn Nets,0.7944257300612141
San Antonio Spurs,Miami Heat,0.6391180166156343
Washington Wizards,Chicago Bulls,0.8085523139722822
Indiana Pacers,Minnesota Timberwolves,0.5736283284576607
Toronto Raptors,Oklahoma City Thunder,0.5635280681741108
Denver Nuggets,Charlotte Hornets,0.7978425956987191
Houston Rockets,Portland Trail Blazers,0.5775788129242662
Sacramento Kings,Dallas Mavericks,0.5348204763186
Los Angeles Lakers,Orlando Magic,0.5036658827035702
Phoenix Suns,New York Knicks,0.5815916051306018
Milwaukee Bucks,Boston Celtics,0.690521973874473
Utah Jazz,New Orleans Pelicans,0.6924536080165413
Golden State Warriors,Denver Nuggets,0.6413559569114544
Los Angeles Clippers,Orlando Magic,0.5943126899603636
Indiana Pacers,Minnesota Timberwolves,0.6664852032868734
Philadelphia 76ers,Chicago Bulls,0.9280916145067243
Toronto Raptors,Washington Wizards,0.8728199568798581
Memphis Grizzlies,Cleveland Cavaliers,0.8517551198198156
Oklahoma City Thunder,Miami Heat,0.7086702354880781
San Antonio Spurs,Atlanta Hawks,0.8716479090044112
Portland Trail Blazers,Dallas Mavericks,0.7820239207230383
Los Angeles Clippers,New Orleans Pelicans,0.6592428960485132
Milwaukee Bucks,Brooklyn Nets,0.7140017971014562
Boston Celtics,Phoenix Suns,0.9433658926885321
Detroit Pistons,Atlanta Hawks,0.6809792180577416
Philadelphia 76ers,New York Knicks,0.9660247234673291
Chicago Bulls,Cleveland Cavaliers,0.5025499397596488
Toronto Raptors,Minnesota Timberwolves,0.7980826287539066
Golden State Warriors,Orlando Magic,0.7879068708315281
Houston Rockets,Los Angeles Lakers,0.7239474832096792
Oklahoma City Thunder,Portland Trail Blazers,0.543637343196293
Utah Jazz,Sacramento Kings,0.7280940614960196
San Antonio Spurs,Miami Heat,0.6964436751551879
Denver Nuggets,Indiana Pacers,0.7497103708031975
Detroit Pistons,Washington Wizards,0.5299500634313914
Toronto Raptors,Atlanta Hawks,0.9033639325611736
Philadelphia 76ers,Brooklyn Nets,0.713118332487227
Orlando Magic,Charlotte Hornets,0.5411260294723461
New York Knicks,Cleveland Cavaliers,0.6139771771330725
Houston Rockets,Oklahoma City Thunder,0.6011976931191816
Memphis Grizzlies,New Orleans Pelicans,0.5824519274788992
Miami Heat,Sacramento Kings,0.5906429776959665
Milwaukee Bucks,Chicago Bulls,0.9401681528825282
Boston Celtics,Los Angeles Lakers,0.6492098181223929
Denver Nuggets,Minnesota Timberwolves,0.74550782740303
San Antonio Spurs,Phoenix Suns,0.9527967274883798
Utah Jazz,Indiana Pacers,0.6355780692789825
Golden State Warriors,Portland Trail Blazers,0.545757309226457
Los Angeles Clippers,Dallas Mavericks,0.6954250962592875
Detroit Pistons,Sacramento Kings,0.5384266037873439
Oklahoma City Thunder,Orlando Magic,0.5805552067679456
Toronto Raptors,Philadelphia 76ers,0.6388756716578121
Los Angeles Clippers,Atlanta Hawks,0.7945857216641132
Boston Celtics,Memphis Grizzlies,0.7373811418288132
Miami Heat,Washington Wizards,0.6169517601350872
Los Angeles Lakers,New York Knicks,0.9259846832471392
Minnesota Timberwolves,Chicago Bulls,0.8176355766098439
Houston Rockets,Denver Nuggets,0.5453530955622368
Indiana Pacers,Phoenix Suns,0.923827696026028
San Antonio Spurs,New Orleans Pelicans,0.7259222127968311
Golden State Warriors,Utah Jazz,0.7334865300831267
Washington Wizards,Cleveland Cavaliers,0.876424549414665
Los Angeles Lakers,Brooklyn Nets,0.5223867374390071
Portland Trail Blazers,Dallas Mavericks,0.7944844903565208
Milwaukee Bucks,Charlotte Hornets,0.7189086406556366
Detroit Pistons,Memphis Grizzlies,0.5364805905024249
Boston Celtics,Orlando Magic,0.5454806832055579
Toronto Raptors,New York Knicks,0.973618563406905
Sacramento Kings,Chicago Bulls,0.8250056644569117
Los Angeles Clippers,Miami Heat,0.5640042682758348
Houston Rockets,Minnesota Timberwolves,0.7205243436326945
Denver Nuggets,New Orleans Pelicans,0.7760415471310407
Oklahoma City Thunder,Atlanta Hawks,0.8780532851312055
San Antonio Spurs,Phoenix Suns,0.9509695585117929
Golden State Warriors,Indiana Pacers,0.7956588411118515
Utah Jazz,Dallas Mavericks,0.7404709886387603
Detroit Pistons,Brooklyn Nets,0.5160793195556594
Chicago Bulls,Cleveland Cavaliers,0.7216678432254456
Oklahoma City Thunder,Minnesota Timberwolves,0.6997798904433761
Philadelphia 76ers,Los Angeles Lakers,0.7343529706315876
Denver Nuggets,Houston Rockets,0.6098482586830435
Toronto Raptors,San Antonio Spurs,0.5778632163975695
Washington Wizards,Atlanta Hawks,0.6499302879940354
Memphis Grizzlies,Phoenix Suns,0.8765557591416334
Boston Celtics,New Orleans Pelicans,0.7050730850094502
Brooklyn Nets,New York Knicks,0.8994921819646426
Orlando Magic,Los Angeles Clippers,0.5073056734551409
Portland Trail Blazers,Indiana Pacers,0.7026557617942547
Detroit Pistons,Cleveland Cavaliers,0.847463854974721
Orlando Magic,Miami Heat,0.5272610764884926
San Antonio Spurs,Chicago Bulls,0.9233528362689565
Minnesota Timberwolves,Sacramento Kings,0.5329723862642054
Oklahoma City Thunder,Dallas Mavericks,0.7882461069700945
Houston Rockets,Utah Jazz,0.5235254133615492
Charlotte Hornets,New York Knicks,0.8716741894738677
Golden State Warriors,Philadelphia 76ers,0.5076964060765266
New Orleans Pelicans,Cleveland Cavaliers,0.8725565432263942
Toronto Raptors,Atlanta Hawks,0.9268514541116503
Denver Nuggets,Memphis Grizzlies,0.7348322724243062
Boston Celtics,Miami Heat,0.6151662465131122
Milwaukee Bucks,Washington Wizards,0.8517346833808564
Dallas Mavericks,Phoenix Suns,0.8279347859801995
Indiana Pacers,Chicago Bulls,0.8530039643326341
Brooklyn Nets,Detroit Pistons,0.5757908051981862
Memphis Grizzlies,New York Knicks,0.8918474325550696
San Antonio Spurs,Utah Jazz,0.6026886330808661
Portland Trail Blazers,Houston Rockets,0.5522047521465823
Oklahoma City Thunder,Sacramento Kings,0.7114152202761188
Toronto Raptors,Cleveland Cavaliers,0.9727596943347309
Charlotte Hornets,Washington Wizards,0.5605419734573087
Philadelphia 76ers,Atlanta Hawks,0.8780798038282532
Golden State Warriors,Boston Celtics,0.6063611016606085
Denver Nuggets,Utah Jazz,0.67919462384965
Los Angeles Clippers,Sacramento Kings,0.7021588772247527
Toronto Raptors,Detroit Pistons,0.7945257534596759
Brooklyn Nets,Chicago Bulls,0.8101998666191912
Houston Rockets,Dallas Mavericks,0.8103418684136894
Memphis Grizzlies,New Orleans Pelicans,0.5109224387013609
Milwaukee Bucks,Denver Nuggets,0.606205320428035
Oklahoma City Thunder,Phoenix Suns,0.9545708259945097
Portland Trail Blazers,Los Angeles Lakers,0.642333525249907
Los Angeles Clippers,Minnesota Timberwolves,0.712555176575669
Indiana Pacers,New York Knicks,0.904395518411105
Orlando Magic,Miami Heat,0.5723072470413789
Golden State Warriors,Cleveland Cavaliers,0.971839637219341
Brooklyn Nets,Washington Wizards,0.5448981367621345
Philadelphia 76ers,Boston Celtics,0.5511709668081612
Dallas Mavericks,Atlanta Hawks,0.6275284879512525
San Antonio Spurs,Charlotte Hornets,0.7387481246766026
Los Angeles Lakers,Sacramento Kings,0.5862774638411018
Portland Trail Blazers,Utah Jazz,0.6255051406816173
Denver Nuggets,Detroit Pistons,0.7413249989703279
Houston Rockets,New Orleans Pelicans,0.8225965096802635
Milwaukee Bucks,Phoenix Suns,0.9680428234900402
Toronto Raptors,Chicago Bulls,0.9494238158857591
Orlando Magic,Charlotte Hornets,0.5411260294723461
New York Knicks,Cleveland Cavaliers,0.6139771771330725
Indiana Pacers,Dallas Mavericks,0.6694166162990841
Golden State Warriors,Washington Wizards,0.8267372614036522
Boston Celtics,Atlanta Hawks,0.8269900873686584
Brooklyn Nets,Phoenix Suns,0.8916462624418232
Philadelphia 76ers,Miami Heat,0.7066166293187873
Memphis Grizzlies,Detroit Pistons,0.5394329834505339
Sacramento Kings,Minnesota Timberwolves,0.5315307899498739
San Antonio Spurs,Los Angeles Clippers,0.5201297846418487
Milwaukee Bucks,New Orleans Pelicans,0.7834393922151447
Houston Rockets,Charlotte Hornets,0.7748380654325111
Denver Nuggets,Portland Trail Blazers,0.6106089227985427
San Antonio Spurs,Los Angeles Lakers,0.61009743382997
Detroit Pistons,Phoenix Suns,0.8728752538558825
Boston Celtics,Orlando Magic,0.6374821426085032
Golden State Warriors,Brooklyn Nets,0.7571681715366103
Toronto Raptors,Indiana Pacers,0.800171763425589
Minnesota Timberwolves,Atlanta Hawks,0.7016699244793259
Oklahoma City Thunder,Cleveland Cavaliers,0.9433089887151106
Memphis Grizzlies,Dallas Mavericks,0.552154807978491
Denver Nuggets,Utah Jazz,0.5552491588025139
Los Angeles Clippers,Miami Heat,0.6214229326362851
Orlando Magic,New York Knicks,0.9294125789985079
New Orleans Pelicans,Chicago Bulls,0.8030372924258073
Milwaukee Bucks,Philadelphia 76ers,0.5969165574709661
Portland Trail Blazers,San Antonio Spurs,0.5867547939013494
Houston Rockets,Los Angeles Lakers,0.6430679229600365
Philadelphia 76ers,Memphis Grizzlies,0.8074701344009674
Dallas Mavericks,Washington Wizards,0.5067403537543731
Boston Celtics,Atlanta Hawks,0.8536362853909899
Toronto Raptors,Indiana Pacers,0.7035647347223788
Oklahoma City Thunder,Detroit Pistons,0.7723106814729325
Houston Rockets,Phoenix Suns,0.958747713084907
Miami Heat,Sacramento Kings,0.5710027318896792
Portland Trail Blazers,Utah Jazz,0.5227276018102589
Milwaukee Bucks,Orlando Magic,0.6448955392195372
Charlotte Hornets,Dallas Mavericks,0.5925081978829597
Detroit Pistons,New York Knicks,0.8530785347293013
Indiana Pacers,New Orleans Pelicans,0.6872628325247144
Toronto Raptors,Brooklyn Nets,0.8489576512850923
Los Angeles Clippers,Minnesota Timberwolves,0.6205709180167929
Golden State Warriors,Los Angeles Lakers,0.7963230181064501
Denver Nuggets,Phoenix Suns,0.9635138090004512
San Antonio Spurs,Sacramento Kings,0.7030988760201571
Oklahoma City Thunder,Boston Celtics,0.602342842481161
Atlanta Hawks,New York Knicks,0.706035115482567
Philadelphia 76ers,Chicago Bulls,0.9280916145067243
Memphis Grizzlies,Washington Wizards,0.524539005387723
Houston Rockets,Utah Jazz,0.6486345442686257
Los Angeles Clippers,Cleveland Cavaliers,0.9366157664282403
Portland Trail Blazers,Miami Heat,0.7164095313126129
Detroit Pistons,Charlotte Hornets,0.5002637877823328
Indiana Pacers,Brooklyn Nets,0.6346999121134085
Orlando Magic,Atlanta Hawks,0.7984217860767726
Toronto Raptors,Minnesota Timberwolves,0.8660349852809066
Milwaukee Bucks,Sacramento Kings,0.8372988357234175
Utah Jazz,Dallas Mavericks,0.7265720357657334
Denver Nuggets,San Antonio Spurs,0.6428274828840626
Golden State Warriors,Miami Heat,0.8062966346949051
Los Angeles Lakers,Phoenix Suns,0.9057706200804465
Philadelphia 76ers,Los Angeles Clippers,0.6936903916145357
Washington Wizards,Chicago Bulls,0.7361101215857151
Portland Trail Blazers,New Orleans Pelicans,0.7524674907043654
Oklahoma City Thunder,San Antonio Spurs,0.5775635721882735
Houston Rockets,Boston Celtics,0.634850806468815
Atlanta Hawks,Cleveland Cavaliers,0.7934459348874896
Orlando Magic,Detroit Pistons,0.6510689691749254
Toronto Raptors,Brooklyn Nets,0.7633944072655986
Milwaukee Bucks,Indiana Pacers,0.6474503739092632
Washington Wizards,New York Knicks,0.8799459411199833
Portland Trail Blazers,Memphis Grizzlies,0.7085495696413608
Charlotte Hornets,Minnesota Timberwolves,0.5052182430731889
Sacramento Kings,Dallas Mavericks,0.5502183236675326
Golden State Warriors,Phoenix Suns,0.9717785878169605
Utah Jazz,Miami Heat,0.6508929974300162
Denver Nuggets,Los Angeles Lakers,0.7504770593636495
Boston Celtics,Los Angeles Clippers,0.6025677707146051
Oklahoma City Thunder,New Orleans Pelicans,0.7338412691871021
Milwaukee Bucks,Detroit Pistons,0.7494994414538985
Miami Heat,Atlanta Hawks,0.7485221564962123
Charlotte Hornets,Chicago Bulls,0.8460032373911412
Philadelphia 76ers,Brooklyn Nets,0.7944257300612141
Sacramento Kings,Memphis Grizzlies,0.5170523424461757
Golden State Warriors,Houston Rockets,0.6701770174248053
Orlando Magic,Dallas Mavericks,0.6718847917132297
Washington Wizards,Cleveland Cavaliers,0.8131226649075518
Indiana Pacers,New York Knicks,0.9262645139320109
Toronto Raptors,Phoenix Suns,0.9731097572894803
Boston Celtics,Minnesota Timberwolves,0.668990755124192
Oklahoma City Thunder,Denver Nuggets,0.5110144553058953
Utah Jazz,San Antonio Spurs,0.5117008307229297
Los Angeles Lakers,Memphis Grizzlies,0.6183645655044813
Portland Trail Blazers,New Orleans Pelicans,0.8075203705783219
Los Angeles Clippers,Sacramento Kings,0.7021588772247527
Charlotte Hornets,Brooklyn Nets,0.5550828605199484
Dallas Mavericks,Atlanta Hawks,0.6604487744611719
Chicago Bulls,Phoenix Suns,0.5552675087369946
Miami Heat,Cleveland Cavaliers,0.8729680736064271
Milwaukee Bucks,Philadelphia 76ers,0.5969165574709661
Houston Rockets,Utah Jazz,0.5235254133615492
Boston Celtics,Los Angeles Lakers,0.5854688302981657
Denver Nuggets,Minnesota Timberwolves,0.8286438900691993
Toronto Raptors,Indiana Pacers,0.800171763425589
Washington Wizards,Chicago Bulls,0.8085523139722822
Oklahoma City Thunder,San Antonio Spurs,0.5775635721882735
Golden State Warriors,New Orleans Pelicans,0.8736231656425139
Portland Trail Blazers,Detroit Pistons,0.7788868397524626
Miami Heat,Cleveland Cavaliers,0.9191617474012501
Philadelphia 76ers,Atlanta Hawks,0.8970311553034626
Milwaukee Bucks,Washington Wizards,0.7925493818769618
Orlando Magic,Brooklyn Nets,0.5351225628969268
Houston Rockets,New York Knicks,0.9522901764262359
Minnesota Timberwolves,Dallas Mavericks,0.537759452218976
Utah Jazz,Phoenix Suns,0.9403404490588576
Los Angeles Clippers,Memphis Grizzlies,0.7005192099576765
Indiana Pacers,Charlotte Hornets,0.6199058957984687
Toronto Raptors,Milwaukee Bucks,0.6378778371615511
Oklahoma City Thunder,Chicago Bulls,0.9261477849993021
Denver Nuggets,Detroit Pistons,0.8170194109387768
Los Angeles Lakers,New Orleans Pelicans,0.6537785964011157
Portland Trail Blazers,Boston Celtics,0.6113577117478995
Golden State Warriors,Sacramento Kings,0.8566979821421505
Charlotte Hornets,New York Knicks,0.8716741894738677
Philadelphia 76ers,Cleveland Cavaliers,0.9649275364610642
Brooklyn Nets,Washington Wizards,0.5448981367621345
Orlando Magic,Atlanta Hawks,0.7693270469994922
Miami Heat,Minnesota Timberwolves,0.6027294702194269
Houston Rockets,Memphis Grizzlies,0.7991453254918434
San Antonio Spurs,Dallas Mavericks,0.7783144900850485
Los Angeles Clippers,Phoenix Suns,0.9364833453415679
Utah Jazz,Boston Celtics,0.5372480867515352
Philadelphia 76ers,New York Knicks,0.9546279789923593
Portland Trail Blazers,Indiana Pacers,0.6067910554092051
Oklahoma City Thunder,Sacramento Kings,0.7774628370709427
Golden State Warriors,Los Angeles Lakers,0.7963230181064501
Orlando Magic,Minnesota Timberwolves,0.6689644419215264
Brooklyn Nets,Atlanta Hawks,0.6938985741489254
Toronto Raptors,Charlotte Hornets,0.8406623743358713
Memphis Grizzlies,Sacramento Kings,0.5467622074572184
Miami Heat,Dallas Mavericks,0.6058898951245795
Milwaukee Bucks,Oklahoma City Thunder,0.6592457196928673
New Orleans Pelicans,Cleveland Cavaliers,0.821268846217922
Detroit Pistons,Phoenix Suns,0.8905443114504632
Utah Jazz,Washington Wizards,0.7493183106491866
Denver Nuggets,Los Angeles Clippers,0.5864423109427771
Chicago Bulls,New York Knicks,0.7282317001621721
Portland Trail Blazers,Atlanta Hawks,0.8587183781202259
Miami Heat,Brooklyn Nets,0.5687991515228665
Indiana Pacers,Cleveland Cavaliers,0.9239843602309875
Los Angeles Lakers,Memphis Grizzlies,0.5589900827440943
Houston Rockets,Boston Celtics,0.5097278006331906
San Antonio Spurs,Orlando Magic,0.671868988939266
Golden State Warriors,Phoenix Suns,0.9717785878169605
Milwaukee Bucks,Charlotte Hornets,0.7189086406556366
Philadelphia 76ers,Los Angeles Clippers,0.5958090051079934
Minnesota Timberwolves,Dallas Mavericks,0.5487261493663516
Denver Nuggets,Toronto Raptors,0.504846063269155
Sacramento Kings,Detroit Pistons,0.5116296351633807
Los Angeles Lakers,New Orleans Pelicans,0.6131399369898523
Golden State Warriors,Washington Wizards,0.8696805123408122
Utah Jazz,Cleveland Cavaliers,0.945046728025562
Houston Rockets,New York Knicks,0.9601156388596296
Portland Trail Blazers,Orlando Magic,0.6041217330691859
Memphis Grizzlies,Atlanta Hawks,0.6762446190437267
Milwaukee Bucks,Miami Heat,0.7075119040007327
Dallas Mavericks,Chicago Bulls,0.8156565441321626
San Antonio Spurs,Indiana Pacers,0.682151200394082
San Antonio Spurs,Charlotte Hornets,0.6518684149825644
Boston Celtics,Brooklyn Nets,0.7212274788912841
New Orleans Pelicans,Minnesota Timberwolves,0.5035894901068036
Oklahoma City Thunder,Los Angeles Clippers,0.6517835641502009
Denver Nuggets,Golden State Warriors,0.5133840121725921
Toronto Raptors,Phoenix Suns,0.9727005835127067
Philadelphia 76ers,Los Angeles Lakers,0.6803088992956937
Sacramento Kings,Washington Wizards,0.5463836720984365
Boston Celtics,Cleveland Cavaliers,0.9480787654586065
Oklahoma City Thunder,Detroit Pistons,0.6951528101235229
Milwaukee Bucks,Indiana Pacers,0.770213016252161
Brooklyn Nets,Memphis Grizzlies,0.5810844116670771
Utah Jazz,New York Knicks,0.9467315209684304
Orlando Magic,Miami Heat,0.5272610764884926
Minnesota Timberwolves,Chicago Bulls,0.7770116863737883
New Orleans Pelicans,Dallas Mavericks,0.5140720198350646
Portland Trail Blazers,Washington Wizards,0.8019829021736861
Denver Nuggets,Charlotte Hornets,0.7101220320564325
Houston Rockets,Los Angeles Clippers,0.6823810331614064
Philadelphia 76ers,Sacramento Kings,0.7630669765233901
Golden State Warriors,Toronto Raptors,0.5699620263006792
Washington Wizards,Atlanta Hawks,0.6531182837649765
San Antonio Spurs,Brooklyn Nets,0.646366954680799
Oklahoma City Thunder,New York Knicks,0.9560709111195763
Indiana Pacers,Chicago Bulls,0.8786159198964671
Orlando Magic,Minnesota Timberwolves,0.5850878915249262
Miami Heat,New Orleans Pelicans,0.5981772354597371
Boston Celtics,Utah Jazz,0.5657378798105774
Memphis Grizzlies,Dallas Mavericks,0.552154807978491
Portland Trail Blazers,Phoenix Suns,0.9586210412294274
Milwaukee Bucks,Los Angeles Lakers,0.6812482396881145
Houston Rockets,Charlotte Hornets,0.6831411846029436
Utah Jazz,Detroit Pistons,0.6506133784675474
Denver Nuggets,Cleveland Cavaliers,0.9635920671924714
Memphis Grizzlies,Atlanta Hawks,0.713159427743925
Golden State Warriors,Philadelphia 76ers,0.6323935336010608
Portland Trail Blazers,Sacramento Kings,0.7839318210396138
Brooklyn Nets,Chicago Bulls,0.8101998666191912
Minnesota Timberwolves,New Orleans Pelicans,0.5688917940369362
Los Angeles Clippers,Los Angeles Lakers,0.6065750315555326
Boston Celtics,Oklahoma City Thunder,0.5154695506637104
Milwaukee Bucks,Phoenix Suns,0.9649983338106017
Miami Heat,Washington Wizards,0.6112130829186005
Indiana Pacers,Dallas Mavericks,0.652558462595744
Houston Rockets,Orlando Magic,0.7136162320653512
Detroit Pistons,New York Knicks,0.8939236345453373
San Antonio Spurs,Cleveland Cavaliers,0.9528968486929917
Toronto Raptors,Sacramento Kings,0.8069591128930014
Charlotte Hornets,Atlanta Hawks,0.7071730560556375
Denver Nuggets,Milwaukee Bucks,0.5685322160646502
Toronto Raptors,Utah Jazz,0.6274892755179124
Washington Wizards,New York Knicks,0.8197325210418063
Boston Celtics,Indiana Pacers,0.5482497342754604
Houston Rockets,Minnesota Timberwolves,0.8083022415206559
San Antonio Spurs,Dallas Mavericks,0.7783144900850485
Orlando Magic,Memphis Grizzlies,0.5715503922302779
Chicago Bulls,Cleveland Cavaliers,0.5025499397596488
Portland Trail Blazers,Phoenix Suns,0.9552696637718415
Los Angeles Lakers,Brooklyn Nets,0.5988725850527354
Golden State Warriors,Los Angeles Clippers,0.7620728492124318
Philadelphia 76ers,Detroit Pistons,0.8040726785730192
Atlanta Hawks,New York Knicks,0.706035115482567
Miami Heat,Charlotte Hornets,0.5532149671407269
Denver Nuggets,Dallas Mavericks,0.8035181373972862
Utah Jazz,New Orleans Pelicans,0.6924536080165413
Los Angeles Clippers,Los Angeles Lakers,0.5333536499895772
Orlando Magic,Brooklyn Nets,0.5351225628969268
Portland Trail Blazers,Memphis Grizzlies,0.7826029485559323
Washington Wizards,Phoenix Suns,0.8431965171668794
Milwaukee Bucks,Boston Celtics,0.690521973874473
San Antonio Spurs,Sacramento Kings,0.7671748515625972
Houston Rockets,Dallas Mavericks,0.7825685832271496
Denver Nuggets,Miami Heat,0.7620247577546277
Oklahoma City Thunder,Utah Jazz,0.616612639981801
Los Angeles Clippers,New Orleans Pelicans,0.7316184361147486
Philadelphia 76ers,Indiana Pacers,0.6464631213527552
Toronto Raptors,Los Angeles Lakers,0.8008249438415717
Brooklyn Nets,Washington Wizards,0.6094641687358394
Portland Trail Blazers,Boston Celtics,0.5089285569118261
San Antonio Spurs,Memphis Grizzlies,0.6793018220139888
Orlando Magic,Sacramento Kings,0.6577488134991025
Houston Rockets,Milwaukee Bucks,0.5346530147746065
Dallas Mavericks,Phoenix Suns,0.8811465010767219
Toronto Raptors,Miami Heat,0.7576448924999487
Oklahoma City Thunder,Denver Nuggets,0.5110144553058953
Indiana Pacers,Washington Wizards,0.6269509572004184
Memphis Grizzlies,New Orleans Pelicans,0.5109224387013609
Philadelphia 76ers,San Antonio Spurs,0.6232393630200863
Utah Jazz,Los Angeles Lakers,0.6365248700191438
Milwaukee Bucks,Brooklyn Nets,0.8247107456699214
Sacramento Kings,Dallas Mavericks,0.5348204763186
Los Angeles Clippers,Phoenix Suns,0.9327809174506924
Indiana Pacers,Orlando Magic,0.5414861980597925
Boston Celtics,Miami Heat,0.6151662465131122
Portland Trail Blazers,Houston Rockets,0.5522047521465823
Utah Jazz,Memphis Grizzlies,0.7265415666176582
Denver Nuggets,San Antonio Spurs,0.5036123809747552
Philadelphia 76ers,Washington Wizards,0.791837815816268
Oklahoma City Thunder,Los Angeles Lakers,0.6196094280015765
Toronto Raptors,Orlando Magic,0.7012288960457009
Boston Celtics,Brooklyn Nets,0.7212274788912841
Sacramento Kings,New Orleans Pelicans,0.5551037001953005
Milwaukee Bucks,Miami Heat,0.7818122352191385
Indiana Pacers,Phoenix Suns,0.923827696026028
Los Angeles Clippers,Dallas Mavericks,0.6954250962592875
Denver Nuggets,Portland Trail Blazers,0.6106089227985427
Houston Rockets,Los Angeles Lakers,0.7239474832096792
San Antonio Spurs,Utah Jazz,0.6026886330808661
Oklahoma City Thunder,Memphis Grizzlies,0.6879889337956848
Brooklyn Nets,Sacramento Kings,0.5829887233923945
Philadelphia 76ers,Orlando Magic,0.7242628201531033
New Orleans Pelicans,Washington Wizards,0.5185257997342704
Toronto Raptors,Boston Celtics,0.7271904610876163
Portland Trail Blazers,Los Angeles Clippers,0.6603096985949628
Denver Nuggets,Utah Jazz,0.67919462384965
Indiana Pacers,Los Angeles Lakers,0.5541474070110664
Miami Heat,Phoenix Suns,0.894658792396304
Milwaukee Bucks,Dallas Mavericks,0.8102303132076226
Oklahoma City Thunder,Washington Wizards,0.7959136626771498
Toronto Raptors,Memphis Grizzlies,0.8591552853572858
San Antonio Spurs,New Orleans Pelicans,0.7259222127968311
Boston Celtics,Orlando Magic,0.6374821426085032
Portland Trail Blazers,Philadelphia 76ers,0.5107723137606118
Houston Rockets,Sacramento Kings,0.7316639907587286
Los Angeles Clippers,Brooklyn Nets,0.6830726929965637
Oklahoma City Thunder,Phoenix Suns,0.9545708259945097
Utah Jazz,Dallas Mavericks,0.7404709886387603
Milwaukee Bucks,Toronto Raptors,0.5329101163962894
Indiana Pacers,Miami Heat,0.5155268620444419
Denver Nuggets,Los Angeles Lakers,0.6718218045150147
Orlando Magic,Brooklyn Nets,0.6372868435593181
San Antonio Spurs,Houston Rockets,0.5282901951741618
Philadelphia 76ers,Phoenix Suns,0.9613613191932011
Boston Celtics,Memphis Grizzlies,0.6565839994632239
Portland Trail Blazers,Dallas Mavericks,0.7820239207230383
Sacramento Kings,New Orleans Pelicans,0.5551037001953005
Milwaukee Bucks,Washington Wizards,0.7925493818769618
Houston Rockets,Indiana Pacers,0.7231293525163185
Toronto Raptors,Philadelphia 76ers,0.5162323029278699
Oklahoma City Thunder,Miami Heat,0.7086702354880781
Denver Nuggets,Los Angeles Clippers,0.7113123330384363
Boston Celtics,Washington Wizards,0.759553834830107
Los Angeles Lakers,Sacramento Kings,0.6202101712854331
Milwaukee Bucks,Memphis Grizzlies,0.7431408014755748
Dallas Mavericks,Phoenix Suns,0.8811465010767219
Utah Jazz,San Antonio Spurs,0.5117008307229297
Portland Trail Blazers,Brooklyn Nets,0.67719100591752
Orlando Magic,New Orleans Pelicans,0.6896595367136079
Toronto Raptors,Denver Nuggets,0.6477680814666268
Indiana Pacers,Miami Heat,0.5695698859877776
Oklahoma City Thunder,Los Angeles Clippers,0.5301463078276542
Houston Rockets,Philadelphia 76ers,0.5357282624707763
Portland Trail Blazers,Memphis Grizzlies,0.7826029485559323
Denver Nuggets,Utah Jazz,0.67919462384965
Toronto Raptors,Brooklyn Nets,0.8489576512850923
Philadelphia 76ers,Boston Celtics,0.5511709668081612
Los Angeles Clippers,Dallas Mavericks,0.7152546596208049
Milwaukee Bucks,Orlando Magic,0.7617847344249056
Indiana Pacers,Miami Heat,0.5695698859877776
Houston Rockets,Oklahoma City Thunder,0.6011976931191816
Portland Trail Blazers,Los Angeles Lakers,0.642333525249907
Toronto Raptors,Brooklyn Nets,0.8489576512850923
Denver Nuggets,Utah Jazz,0.67919462384965
Philadelphia 76ers,Boston Celtics,0.5511709668081612
Los Angeles Clippers,Dallas Mavericks,0.7152546596208049
Indiana Pacers,Miami Heat,0.5695698859877776
Houston Rockets,Oklahoma City Thunder,0.6011976931191816
Milwaukee Bucks,Orlando Magic,0.7617847344249056
Portland Trail Blazers,Los Angeles Lakers,0.642333525249907
Toronto Raptors,Brooklyn Nets,0.7633944072655986
Denver Nuggets,Utah Jazz,0.5552491588025139
Philadelphia 76ers,Boston Celtics,0.6469770157629047
Los Angeles Clippers,Dallas Mavericks,0.6954250962592875
Milwaukee Bucks,Orlando Magic,0.6448955392195372
Indiana Pacers,Miami Heat,0.5155268620444419
Oklahoma City Thunder,Houston Rockets,0.5428438008128553
Portland Trail Blazers,Los Angeles Lakers,0.7035095855890742
Philadelphia 76ers,Boston Celtics,0.6469770157629047
Los Angeles Clippers,Dallas Mavericks,0.6954250962592875
Toronto Raptors,Brooklyn Nets,0.7633944072655986
Denver Nuggets,Utah Jazz,0.5552491588025139
Milwaukee Bucks,Orlando Magic,0.6448955392195372
Oklahoma City Thunder,Houston Rockets,0.5428438008128553
Indiana Pacers,Miami Heat,0.5155268620444419
Portland Trail Blazers,Los Angeles Lakers,0.7035095855890742
Denver Nuggets,Utah Jazz,0.67919462384965
Los Angeles Clippers,Dallas Mavericks,0.7152546596208049
Milwaukee Bucks,Orlando Magic,0.7617847344249056
Houston Rockets,Oklahoma City Thunder,0.6011976931191816
Portland Trail Blazers,Los Angeles Lakers,0.642333525249907
Toronto Raptors,Boston Celtics,0.7271904610876163
Los Angeles Clippers,Dallas Mavericks,0.6954250962592875
Denver Nuggets,Utah Jazz,0.5552491588025139
Milwaukee Bucks,Miami Heat,0.7818122352191385
Oklahoma City Thunder,Houston Rockets,0.5428438008128553
Toronto Raptors,Boston Celtics,0.7271904610876163
Denver Nuggets,Utah Jazz,0.67919462384965
Milwaukee Bucks,Miami Heat,0.7818122352191385
Houston Rockets,Oklahoma City Thunder,0.6011976931191816
Toronto Raptors,Boston Celtics,0.6144852993092322
Denver Nuggets,Los Angeles Clippers,0.5864423109427771
Milwaukee Bucks,Miami Heat,0.7075119040007327
Houston Rockets,Los Angeles Lakers,0.6430679229600365
Toronto Raptors,Boston Celtics,0.6144852993092322
Denver Nuggets,Los Angeles Clippers,0.5864423109427771
Milwaukee Bucks,Miami Heat,0.7075119040007327
Houston Rockets,Los Angeles Lakers,0.6430679229600365
Toronto Raptors,Boston Celtics,0.7271904610876163
Denver Nuggets,Los Angeles Clippers,0.7113123330384363
Milwaukee Bucks,Miami Heat,0.7818122352191385
Houston Rockets,Los Angeles Lakers,0.7239474832096792
Toronto Raptors,Boston Celtics,0.6144852993092322
Denver Nuggets,Los Angeles Clippers,0.7113123330384363
Houston Rockets,Los Angeles Lakers,0.7239474832096792
Denver Nuggets,Los Angeles Clippers,0.5864423109427771
Toronto Raptors,Boston Celtics,0.7271904610876163
Houston Rockets,Los Angeles Lakers,0.6430679229600365
Denver Nuggets,Los Angeles Clippers,0.7113123330384363
Boston Celtics,Miami Heat,0.6633417199832423
Denver Nuggets,Los Angeles Clippers,0.5864423109427771
Boston Celtics,Miami Heat,0.6633417199832423
Denver Nuggets,Los Angeles Lakers,0.6718218045150147
Boston Celtics,Miami Heat,0.6151662465131122
Denver Nuggets,Los Angeles Lakers,0.6718218045150147
Denver Nuggets,Los Angeles Lakers,0.7504770593636495
Boston Celtics,Miami Heat,0.6151662465131122
Denver Nuggets,Los Angeles Lakers,0.7504770593636495
Boston Celtics,Miami Heat,0.6633417199832423
Denver Nuggets,Los Angeles Lakers,0.6718218045150147
Boston Celtics,Miami Heat,0.6151662465131122
Los Angeles Lakers,Miami Heat,0.5320642183708231
Los Angeles Lakers,Miami Heat,0.5320642183708231
Los Angeles Lakers,Miami Heat,0.5145052770139051
Los Angeles Lakers,Miami Heat,0.5145052770139051
Los Angeles Lakers,Miami Heat,0.5320642183708231
Los Angeles Lakers,Miami Heat,0.5145052770139051
